1885,Beverages,Soda Lime
1993,Beverages,Soda Lemon
2539,Beverages,Soda Cola
1248,Beverages,Fruit Juice Orange
2631,Beverages,Fruit Juice Grape
1062,Beverages,Fruit Juice Mango
1778,Beverages,Flat Water
2707,Beverages,Sparkling Water
2139,Beverages,Italian Soda
1230,Beverages,Decaf Coffee
1207,Beverages,Regular Coffee
2322,Beverages,Espresso
1902,Beverages,Milk Whole
1247,Beverages,Half and Half
1770,Fruit,Green Apple
2492,Fruit,Red Apple
2304,Fruit,Orange
1543,Fruit,Banana
1311,Fruit,Mango
1803,Fruit,Kiwi
1198,Fruit,Strawberry
1571,Vegetable,Green Bean
2956,Vegetable,Potato
2104,Vegetable,Tomato
2760,Vegetable,Peas
1525,Vegetable,Sweet Potato
2704,Vegetable,Napa Cabbage
2306,Vegetable,Red Chilis
1216,Vegetable,Corn
2126,Vegetable,Onion
1558,Spices,Sea Salt
2581,Spices,Peppercorns
1962,Spices,Cracked Black Pepper
1109,Spices,Garlic Powder
2290,Spices,Paprika
1727,Seafood,Frozen Salmon
2490,Seafood,Fresh Salmon
2664,Seafood,Large Prawn
2569,Seafood,Small Prawn
1754,Poultry,Whole Chicken
1971,Poultry,Chicken Thigh
2826,Poultry,Ground Chicken
2444,Beef,Flank Steak
2867,Beef,Ground Beef
1445,Pork,Ground Pork
1847,Pork,Pork Chop
1438,Canned Good,Tomato Soup
2494,Canned Good,Chicken Soup
1878,Canned Good,Green Beans
2640,Canned Good,Yams
2577,Canned Good,Whole Kernel Corn